"B.B.K.K.B.K.K.",basic,300
"B.B.K.K.B.K.K.",advanced,500
"B.B.K.K.B.K.K.",expert,1000
"B.B.K.K.B.K.K.",master,1180
"Reach for the Stars",basic,300
"Reach for the Stars",advanced,600
"Reach for the Stars",expert,900
"Reach for the Stars",master,1230
"初音ミクの消失",basic,500
"初音ミクの消失",advanced,800
"初音ミクの消失",expert,1200
"初音ミクの消失",master,1340
"コネクト",basic,300
"コネクト",advanced,500
"コネクト",expert,700
"コネクト",master,1120
"千本桜",basic,300
"千本桜",advanced,500
"千本桜",expert,800
"千本桜",master,1140
"DRAGONLADY",basic,400
"DRAGONLADY",advanced,600
"DRAGONLADY",expert,1140
"DRAGONLADY",master,1320
"taboo tears you up",basic,300
"taboo tears you up",advanced,600
"taboo tears you up",expert,900
"taboo tears you up",master,1280
"ナイト・オブ・ナイツ",basic,300
"ナイト・オブ・ナイツ",advanced,600
"ナイト・オブ・ナイツ",expert,900
"ナイト・オブ・ナイツ",master,1190
"一触即発☆禅ガール",basic,300
"一触即発☆禅ガール",advanced,600
"一触即発☆禅ガール",expert,900
"一触即発☆禅ガール",master,1210
"ドーナツホール",basic,200
"ドーナツホール",advanced,500
"ドーナツホール",expert,900
"ドーナツホール",master,1270
"タイガーランペイジ",basic,300
"タイガーランペイジ",advanced,600
"タイガーランペイジ",expert,970
"タイガーランペイジ",master,1250
"Pursuing My True Self",basic,300
"Pursuing My True Self",advanced,500
"Pursuing My True Self",expert,800
"Pursuing My True Self",master,1070
"Blue Noise",basic,200
"Blue Noise",advanced,400
"Blue Noise",expert,970
"Blue Noise",master,1310
"亡國覚醒カタルシス",basic,300
"亡國覚醒カタルシス",advanced,500
"亡國覚醒カタルシス",expert,900
"亡國覚醒カタルシス",master,1220
"Lapis",basic,300
"Lapis",advanced,600
"Lapis",expert,970
"Lapis",master,1240
"届かない恋 '13",basic,200
"届かない恋 '13",advanced,500
"届かない恋 '13",expert,870
"届かない恋 '13",master,1100
"鳥の詩",basic,200
"鳥の詩",advanced,500
"鳥の詩",expert,800
"鳥の詩",master,1130
"天ノ弱",basic,200
"天ノ弱",advanced,500
"天ノ弱",expert,800
"天ノ弱",master,1110
"sweet little sister",basic,300
"sweet little sister",advanced,500
"sweet little sister",expert,900
"sweet little sister",master,1160
"L9",basic,400
"L9",advanced,600
"L9",expert,900
"L9",master,1260
"Bad Apple!! feat.nomico",basic,100
"Bad Apple!! feat.nomico",advanced,400
"Bad Apple!! feat.nomico",expert,800
"Bad Apple!! feat.nomico",master,1070
"六兆年と一夜物語",basic,300
"六兆年と一夜物語",advanced,500
"六兆年と一夜物語",expert,970
"六兆年と一夜物語",master,1230
"Unlimited Spark!",basic,300
"Unlimited Spark!",advanced,500
"Unlimited Spark!",expert,900
"Unlimited Spark!",master,1180
"エピクロスの虹はもう見えない",basic,200
"エピクロスの虹はもう見えない",advanced,400
"エピクロスの虹はもう見えない",expert,800
"エピクロスの虹はもう見えない",master,1000
"My First Phone",basic,200
"My First Phone",advanced,400
"My First Phone",expert,1000
"My First Phone",master,1280
"Cyberozar",basic,400
"Cyberozar",advanced,770
"Cyberozar",expert,1110
"Cyberozar",master,1320
"Teriqma",basic,200
"Teriqma",advanced,500
"Teriqma",expert,1000
"Teriqma",master,1230
"夏祭り",basic,200
"夏祭り",advanced,400
"夏祭り",expert,800
"夏祭り",master,1120
"Invitation",basic,300
"Invitation",advanced,600
"Invitation",expert,870
"Invitation",master,1070
"GOLDEN RULE",basic,400
"GOLDEN RULE",advanced,700
"GOLDEN RULE",expert,1100
"GOLDEN RULE",master,1360
"名も無い鳥",basic,300
"名も無い鳥",advanced,600
"名も無い鳥",expert,970
"名も無い鳥",master,1240
"Gate of Fate",basic,600
"Gate of Fate",advanced,900
"Gate of Fate",expert,1170
"Gate of Fate",master,1340
"今ぞ♡崇め奉れ☆オマエらよ！！～姫の秘メタル渇望～",basic,300
"今ぞ♡崇め奉れ☆オマエらよ！！～姫の秘メタル渇望～",advanced,600
"今ぞ♡崇め奉れ☆オマエらよ！！～姫の秘メタル渇望～",expert,900
"今ぞ♡崇め奉れ☆オマエらよ！！～姫の秘メタル渇望～",master,1280
"Anemone",basic,200
"Anemone",advanced,500
"Anemone",expert,900
"Anemone",master,1110
"明るい未来",basic,400
"明るい未来",advanced,600
"明るい未来",expert,900
"明るい未来",master,1230
"昵懇レファレンス",basic,300
"昵懇レファレンス",advanced,500
"昵懇レファレンス",expert,900
"昵懇レファレンス",master,1120
"乗り切れ受験ウォーズ",basic,200
"乗り切れ受験ウォーズ",advanced,500
"乗り切れ受験ウォーズ",expert,870
"乗り切れ受験ウォーズ",master,1150
"The wheel to the right",basic,400
"The wheel to the right",advanced,900
"The wheel to the right",expert,1190
"The wheel to the right",master,1340
"STAR",basic,300
"STAR",advanced,500
"STAR",expert,970
"STAR",master,1240
"Infantoon Fantasy",basic,500
"Infantoon Fantasy",advanced,700
"Infantoon Fantasy",expert,970
"Infantoon Fantasy",master,1230
"Genesis",basic,300
"Genesis",advanced,500
"Genesis",expert,1000
"Genesis",master,1350
"MUSIC PЯAYER",basic,300
"MUSIC PЯAYER",advanced,600
"MUSIC PЯAYER",expert,1000
"MUSIC PЯAYER",master,1270
"リリーシア",basic,200
"リリーシア",advanced,500
"リリーシア",expert,870
"リリーシア",master,1100
"Counselor",basic,300
"Counselor",advanced,600
"Counselor",expert,970
"Counselor",master,1170
"luna blu",basic,300
"luna blu",advanced,770
"luna blu",expert,1200
"luna blu",master,1350
"ケモノガル",basic,400
"ケモノガル",advanced,600
"ケモノガル",expert,900
"ケモノガル",master,1280
"crossing field",basic,300
"crossing field",advanced,500
"crossing field",expert,700
"crossing field",master,1100
"ＧＯ！ＧＯ！ラブリズム♥",basic,300
"ＧＯ！ＧＯ！ラブリズム♥",advanced,500
"ＧＯ！ＧＯ！ラブリズム♥",expert,970
"ＧＯ！ＧＯ！ラブリズム♥",master,1110
"Grab your sword",basic,300
"Grab your sword",advanced,600
"Grab your sword",expert,800
"Grab your sword",master,1000
"Memories of Sun and Moon",basic,400
"Memories of Sun and Moon",advanced,600
"Memories of Sun and Moon",expert,800
"Memories of Sun and Moon",master,1250
"ロストワンの号哭",basic,300
"ロストワンの号哭",advanced,600
"ロストワンの号哭",expert,900
"ロストワンの号哭",master,1220
"The Concept of Love",basic,300
"The Concept of Love",advanced,600
"The Concept of Love",expert,1000
"The Concept of Love",master,1210
"JET",basic,200
"JET",advanced,500
"JET",expert,800
"JET",master,1100
"L'épisode",basic,400
"L'épisode",advanced,770
"L'épisode",expert,1170
"L'épisode",master,1350
"Yet Another ”drizzly rain”",basic,300
"Yet Another ”drizzly rain”",advanced,500
"Yet Another ”drizzly rain”",expert,900
"Yet Another ”drizzly rain”",master,1120
"最終鬼畜妹・一部声",basic,300
"最終鬼畜妹・一部声",advanced,700
"最終鬼畜妹・一部声",expert,1000
"最終鬼畜妹・一部声",master,1300
"蒼空に舞え、墨染の桜",basic,300
"蒼空に舞え、墨染の桜",advanced,500
"蒼空に舞え、墨染の桜",expert,870
"蒼空に舞え、墨染の桜",master,1230
"セツナトリップ",basic,200
"セツナトリップ",advanced,500
"セツナトリップ",expert,800
"セツナトリップ",master,1240
"砂漠のハンティングガール♡",basic,300
"砂漠のハンティングガール♡",advanced,500
"砂漠のハンティングガール♡",expert,900
"砂漠のハンティングガール♡",master,1210
"チルノのパーフェクトさんすう教室",basic,300
"チルノのパーフェクトさんすう教室",advanced,500
"チルノのパーフェクトさんすう教室",expert,800
"チルノのパーフェクトさんすう教室",master,1190
"Help me, ERINNNNNN!!",basic,300
"Help me, ERINNNNNN!!",advanced,500
"Help me, ERINNNNNN!!",expert,800
"Help me, ERINNNNNN!!",master,1070
"魔理沙は大変なものを盗んでいきました",basic,300
"魔理沙は大変なものを盗んでいきました",advanced,600
"魔理沙は大変なものを盗んでいきました",expert,800
"魔理沙は大変なものを盗んでいきました",master,1140
"言ノ葉カルマ",basic,300
"言ノ葉カルマ",advanced,700
"言ノ葉カルマ",expert,970
"言ノ葉カルマ",master,1170
"After the rain",basic,200
"After the rain",advanced,500
"After the rain",expert,800
"After the rain",master,1070
"Tango Rouge",basic,300
"Tango Rouge",advanced,770
"Tango Rouge",expert,1070
"Tango Rouge",master,1300
"Tuning Rangers",basic,300
"Tuning Rangers",advanced,500
"Tuning Rangers",expert,970
"Tuning Rangers",master,1250
"エンドマークに希望と涙を添えて",basic,400
"エンドマークに希望と涙を添えて",advanced,700
"エンドマークに希望と涙を添えて",expert,1170
"エンドマークに希望と涙を添えて",master,1370
"とーきょー全域★アキハバラ？",basic,300
"とーきょー全域★アキハバラ？",advanced,700
"とーきょー全域★アキハバラ？",expert,1000
"とーきょー全域★アキハバラ？",master,1250
"overcome",basic,200
"overcome",advanced,400
"overcome",expert,870
"overcome",master,1070
"宛城、炎上！！",basic,500
"宛城、炎上！！",advanced,900
"宛城、炎上！！",expert,1220
"宛城、炎上！！",master,1380
"We Gonna Journey",basic,300
"We Gonna Journey",advanced,600
"We Gonna Journey",expert,1000
"We Gonna Journey",master,1310
"The ether",basic,300
"The ether",advanced,500
"The ether",expert,1000
"The ether",master,1220
"ストリーミングハート",basic,300
"ストリーミングハート",advanced,600
"ストリーミングハート",expert,800
"ストリーミングハート",master,1140
"Sweet Devil",basic,200
"Sweet Devil",advanced,400
"Sweet Devil",expert,870
"Sweet Devil",master,1160
"Dreaming",basic,200
"Dreaming",advanced,400
"Dreaming",expert,800
"Dreaming",master,1150
"君の知らない物語",basic,300
"君の知らない物語",advanced,500
"君の知らない物語",expert,770
"君の知らない物語",master,1000
"M.S.S.Planet",basic,200
"M.S.S.Planet",advanced,500
"M.S.S.Planet",expert,870
"M.S.S.Planet",master,1150
"腐れ外道とチョコレゐト",basic,300
"腐れ外道とチョコレゐト",advanced,600
"腐れ外道とチョコレゐト",expert,970
"腐れ外道とチョコレゐト",master,1200
"アウターサイエンス",basic,300
"アウターサイエンス",advanced,600
"アウターサイエンス",expert,900
"アウターサイエンス",master,1230
"四次元跳躍機関",basic,200
"四次元跳躍機関",advanced,500
"四次元跳躍機関",expert,800
"四次元跳躍機関",master,1270
"東方妖々夢 ～the maximum moving about～",basic,300
"東方妖々夢 ～the maximum moving about～",advanced,600
"東方妖々夢 ～the maximum moving about～",expert,900
"東方妖々夢 ～the maximum moving about～",master,1270
"少女幻葬戦慄曲　～　Necro Fantasia",basic,300
"少女幻葬戦慄曲　～　Necro Fantasia",advanced,600
"少女幻葬戦慄曲　～　Necro Fantasia",expert,900
"少女幻葬戦慄曲　～　Necro Fantasia",master,1270
"橙の幻想郷音頭",basic,100
"橙の幻想郷音頭",advanced,400
"橙の幻想郷音頭",expert,800
"橙の幻想郷音頭",master,1070
"夏影",basic,100
"夏影",advanced,400
"夏影",expert,800
"夏影",master,1220
"Little Busters! ～TV animation ver.～",basic,300
"Little Busters! ～TV animation ver.～",advanced,500
"Little Busters! ～TV animation ver.～",expert,800
"Little Busters! ～TV animation ver.～",master,1100
"Heart To Heart",basic,200
"Heart To Heart",advanced,500
"Heart To Heart",expert,800
"Heart To Heart",master,1130
"The Formula",basic,400
"The Formula",advanced,600
"The Formula",expert,970
"The Formula",master,1270
"チルドレンレコード",basic,300
"チルドレンレコード",advanced,600
"チルドレンレコード",expert,1000
"チルドレンレコード",master,1270
"イカサマライフゲイム",basic,300
"イカサマライフゲイム",advanced,600
"イカサマライフゲイム",expert,970
"イカサマライフゲイム",master,1220
"シリョクケンサ",basic,300
"シリョクケンサ",advanced,500
"シリョクケンサ",expert,700
"シリョクケンサ",master,1100
"HAELEQUIN (Original Remaster)",basic,500
"HAELEQUIN (Original Remaster)",advanced,800
"HAELEQUIN (Original Remaster)",expert,1220
"HAELEQUIN (Original Remaster)",master,1380
"Vallista",basic,400
"Vallista",advanced,600
"Vallista",expert,1000
"Vallista",master,1350
"Äventyr",basic,300
"Äventyr",advanced,600
"Äventyr",expert,900
"Äventyr",master,1250
"Angel dust",basic,400
"Angel dust",advanced,700
"Angel dust",expert,1160
"Angel dust",master,1370
"conflict",basic,400
"conflict",advanced,600
"conflict",expert,1070
"conflict",master,1320
"Guilty",basic,300
"Guilty",advanced,600
"Guilty",expert,900
"Guilty",master,1190
"閃鋼のブリューナク",basic,400
"閃鋼のブリューナク",advanced,900
"閃鋼のブリューナク",expert,1170
"閃鋼のブリューナク",master,1350
"Altale",basic,300
"Altale",advanced,500
"Altale",expert,900
"Altale",master,1260
"ODDS&ENDS",basic,200
"ODDS&ENDS",advanced,500
"ODDS&ENDS",expert,900
"ODDS&ENDS",master,1000
"Aragami",basic,300
"Aragami",advanced,600
"Aragami",expert,900
"Aragami",master,1350
"Change Our MIRAI！",basic,300
"Change Our MIRAI！",advanced,500
"Change Our MIRAI！",expert,870
"Change Our MIRAI！",master,1180
"夕暮れワンルーム",basic,300
"夕暮れワンルーム",advanced,600
"夕暮れワンルーム",expert,970
"夕暮れワンルーム",master,1170
"こころここから",basic,200
"こころここから",advanced,500
"こころここから",expert,870
"こころここから",master,1000
"Theme of SeelischTact",basic,300
"Theme of SeelischTact",advanced,600
"Theme of SeelischTact",expert,900
"Theme of SeelischTact",master,1100
"緋色のDance",basic,300
"緋色のDance",advanced,600
"緋色のDance",expert,900
"緋色のDance",master,1170
"brilliant better",basic,300
"brilliant better",advanced,500
"brilliant better",expert,1000
"brilliant better",master,1180
"Alma",basic,300
"Alma",advanced,500
"Alma",expert,900
"Alma",master,1260
"Gustav Battle",basic,400
"Gustav Battle",advanced,700
"Gustav Battle",expert,1200
"Gustav Battle",master,1300
"SAVIOR OF SONG",basic,300
"SAVIOR OF SONG",advanced,600
"SAVIOR OF SONG",expert,1000
"SAVIOR OF SONG",master,1280
"FREELY TOMORROW",basic,200
"FREELY TOMORROW",advanced,400
"FREELY TOMORROW",expert,800
"FREELY TOMORROW",master,1140
"ギガンティックO.T.N",basic,300
"ギガンティックO.T.N",advanced,600
"ギガンティックO.T.N",expert,1000
"ギガンティックO.T.N",master,1290
"フォルテシモBELL",basic,200
"フォルテシモBELL",advanced,500
"フォルテシモBELL",expert,870
"フォルテシモBELL",master,1100
"ジングルベル",basic,200
"ジングルベル",advanced,500
"ジングルベル",expert,870
"ジングルベル",master,1330
"言ノ葉遊戯",basic,300
"言ノ葉遊戯",advanced,600
"言ノ葉遊戯",expert,900
"言ノ葉遊戯",master,1160
"私の中の幻想的世界観及びその顕現を想起させたある現実での出来事に関する一考察",basic,300
"私の中の幻想的世界観及びその顕現を想起させたある現実での出来事に関する一考察",advanced,600
"私の中の幻想的世界観及びその顕現を想起させたある現実での出来事に関する一考察",expert,900
"私の中の幻想的世界観及びその顕現を想起させたある現実での出来事に関する一考察",master,1250
"幾四音-Ixion-",basic,300
"幾四音-Ixion-",advanced,600
"幾四音-Ixion-",expert,900
"幾四音-Ixion-",master,1130
"ぼくらの16bit戦争",basic,300
"ぼくらの16bit戦争",advanced,600
"ぼくらの16bit戦争",expert,970
"ぼくらの16bit戦争",master,1280
"裏表ラバーズ",basic,300
"裏表ラバーズ",advanced,600
"裏表ラバーズ",expert,900
"裏表ラバーズ",master,1180
"脳漿炸裂ガール",basic,300
"脳漿炸裂ガール",advanced,700
"脳漿炸裂ガール",expert,1070
"脳漿炸裂ガール",master,1270
"ネトゲ廃人シュプレヒコール",basic,300
"ネトゲ廃人シュプレヒコール",advanced,600
"ネトゲ廃人シュプレヒコール",expert,900
"ネトゲ廃人シュプレヒコール",master,1190
"elegante",basic,200
"elegante",advanced,500
"elegante",expert,1000
"elegante",master,1140
"DETARAME ROCK&ROLL THEORY",basic,300
"DETARAME ROCK&ROLL THEORY",advanced,600
"DETARAME ROCK&ROLL THEORY",expert,900
"DETARAME ROCK&ROLL THEORY",master,1120
"XL TECHNO",basic,200
"XL TECHNO",advanced,500
"XL TECHNO",expert,1070
"XL TECHNO",master,1240
"Halcyon",basic,300
"Halcyon",advanced,700
"Halcyon",expert,1070
"Halcyon",master,1330
"Dance!",basic,300
"Dance!",advanced,700
"Dance!",expert,900
"Dance!",master,1130
"Jimang Shot",basic,300
"Jimang Shot",advanced,500
"Jimang Shot",expert,970
"Jimang Shot",master,1270
"stella=steLLa",basic,300
"stella=steLLa",advanced,600
"stella=steLLa",expert,1000
"stella=steLLa",master,1270
"すろぉもぉしょん",basic,300
"すろぉもぉしょん",advanced,500
"すろぉもぉしょん",expert,800
"すろぉもぉしょん",master,1130
"怒槌",basic,600
"怒槌",advanced,970
"怒槌",expert,1270
"怒槌",master,1400
"ユクエシレズ",basic,200
"ユクエシレズ",advanced,500
"ユクエシレズ",expert,800
"ユクエシレズ",master,1070
"WHITE ALBUM Live at Campus Fes",basic,200
"WHITE ALBUM Live at Campus Fes",advanced,400
"WHITE ALBUM Live at Campus Fes",expert,700
"WHITE ALBUM Live at Campus Fes",master,1000
"Last regrets",basic,100
"Last regrets",advanced,400
"Last regrets",expert,770
"Last regrets",master,1000
"楽園の翼",basic,200
"楽園の翼",advanced,600
"楽園の翼",expert,870
"楽園の翼",master,1120
"ってゐ！　～えいえんてゐVer～",basic,300
"ってゐ！　～えいえんてゐVer～",advanced,500
"ってゐ！　～えいえんてゐVer～",expert,970
"ってゐ！　～えいえんてゐVer～",master,1190
"患部で止まってすぐ溶ける～狂気の優曇華院",basic,300
"患部で止まってすぐ溶ける～狂気の優曇華院",advanced,700
"患部で止まってすぐ溶ける～狂気の優曇華院",expert,1100
"患部で止まってすぐ溶ける～狂気の優曇華院",master,1310
"ひれ伏せ愚民どもっ！",basic,300
"ひれ伏せ愚民どもっ！",advanced,600
"ひれ伏せ愚民どもっ！",expert,970
"ひれ伏せ愚民どもっ！",master,1270
"エテルニタス・ルドロジー",basic,300
"エテルニタス・ルドロジー",advanced,700
"エテルニタス・ルドロジー",expert,1000
"エテルニタス・ルドロジー",master,1260
"幽闇に目醒めしは",basic,200
"幽闇に目醒めしは",advanced,400
"幽闇に目醒めしは",expert,800
"幽闇に目醒めしは",master,1170
"Starlight Vision",basic,300
"Starlight Vision",advanced,600
"Starlight Vision",expert,970
"Starlight Vision",master,1250
"Club Ibuki in Break All",basic,300
"Club Ibuki in Break All",advanced,600
"Club Ibuki in Break All",expert,970
"Club Ibuki in Break All",master,1250
"Phantasm Brigade",basic,300
"Phantasm Brigade",advanced,500
"Phantasm Brigade",expert,900
"Phantasm Brigade",master,1300
"永遠のメロディ",basic,300
"永遠のメロディ",advanced,500
"永遠のメロディ",expert,800
"永遠のメロディ",master,1230
"FREEDOM DiVE",basic,500
"FREEDOM DiVE",advanced,800
"FREEDOM DiVE",expert,1150
"FREEDOM DiVE",master,1370
"Jack-the-Ripper◆",basic,400
"Jack-the-Ripper◆",advanced,800
"Jack-the-Ripper◆",expert,1170
"Jack-the-Ripper◆",master,1310
"AVALON",basic,400
"AVALON",advanced,770
"AVALON",expert,1170
"AVALON",master,1350
"ハート・ビート",basic,300
"ハート・ビート",advanced,600
"ハート・ビート",expert,1000
"ハート・ビート",master,1210
"無敵We are one!!",basic,300
"無敵We are one!!",advanced,600
"無敵We are one!!",expert,970
"無敵We are one!!",master,1210
"Contrapasso -inferno-",basic,400
"Contrapasso -inferno-",advanced,970
"Contrapasso -inferno-",expert,1210
"Contrapasso -inferno-",master,1390
"GEMINI -C-",basic,400
"GEMINI -C-",advanced,700
"GEMINI -C-",expert,1120
"GEMINI -C-",master,1310
"FLOWER",basic,300
"FLOWER",advanced,500
"FLOWER",expert,900
"FLOWER",master,1200
"ちくわパフェだよ☆CKP",basic,300
"ちくわパフェだよ☆CKP",advanced,600
"ちくわパフェだよ☆CKP",expert,900
"ちくわパフェだよ☆CKP",master,1120
"SNIPE WHOLE",basic,400
"SNIPE WHOLE",advanced,600
"SNIPE WHOLE",expert,1070
"SNIPE WHOLE",master,1270
"Signs Of Love (“Never More” ver.)",basic,300
"Signs Of Love (“Never More” ver.)",advanced,500
"Signs Of Love (“Never More” ver.)",expert,870
"Signs Of Love (“Never More” ver.)",master,1180
"Your Affection (Daisuke Asakura Remix)",basic,300
"Your Affection (Daisuke Asakura Remix)",advanced,500
"Your Affection (Daisuke Asakura Remix)",expert,970
"Your Affection (Daisuke Asakura Remix)",master,1170
"SAMBISTA",basic,300
"SAMBISTA",advanced,700
"SAMBISTA",expert,1000
"SAMBISTA",master,1270
"君色シグナル",basic,300
"君色シグナル",advanced,500
"君色シグナル",expert,900
"君色シグナル",master,1120
"アスノヨゾラ哨戒班",basic,300
"アスノヨゾラ哨戒班",advanced,600
"アスノヨゾラ哨戒班",expert,900
"アスノヨゾラ哨戒班",master,1240
"天樂",basic,300
"天樂",advanced,600
"天樂",expert,970
"天樂",master,1220
"いろは唄",basic,300
"いろは唄",advanced,500
"いろは唄",expert,900
"いろは唄",master,1210
"星屑ユートピア",basic,300
"星屑ユートピア",advanced,600
"星屑ユートピア",expert,900
"星屑ユートピア",master,1190
"放課後革命",basic,300
"放課後革命",advanced,600
"放課後革命",expert,970
"放課後革命",master,1230
"楽園ファンファーレ",basic,300
"楽園ファンファーレ",advanced,500
"楽園ファンファーレ",expert,900
"楽園ファンファーレ",master,1180
"サウンドプレイヤー",basic,300
"サウンドプレイヤー",advanced,500
"サウンドプレイヤー",expert,900
"サウンドプレイヤー",master,1240
"玩具狂奏曲 -終焉-",basic,500
"玩具狂奏曲 -終焉-",advanced,900
"玩具狂奏曲 -終焉-",expert,1270
"玩具狂奏曲 -終焉-",master,1400
"如月アテンション",basic,200
"如月アテンション",advanced,500
"如月アテンション",expert,900
"如月アテンション",master,1230
"Mr. Wonderland",basic,300
"Mr. Wonderland",advanced,600
"Mr. Wonderland",expert,1110
"Mr. Wonderland",master,1290
"カミサマネジマキ",basic,300
"カミサマネジマキ",advanced,700
"カミサマネジマキ",expert,1100
"カミサマネジマキ",master,1300
"恋愛裁判",basic,200
"恋愛裁判",advanced,400
"恋愛裁判",expert,870
"恋愛裁判",master,1110
"ウミユリ海底譚",basic,300
"ウミユリ海底譚",advanced,500
"ウミユリ海底譚",expert,970
"ウミユリ海底譚",master,1210
"Garakuta Doll Play",basic,500
"Garakuta Doll Play",advanced,870
"Garakuta Doll Play",expert,1230
"Garakuta Doll Play",master,1380
"洗脳",basic,200
"洗脳",advanced,500
"洗脳",expert,800
"洗脳",master,1150
"このふざけた素晴らしき世界は、僕の為にある",basic,300
"このふざけた素晴らしき世界は、僕の為にある",advanced,500
"このふざけた素晴らしき世界は、僕の為にある",expert,870
"このふざけた素晴らしき世界は、僕の為にある",master,1200
"紅華刑",basic,400
"紅華刑",advanced,700
"紅華刑",expert,1200
"紅華刑",master,1340
"Hyperion",basic,300
"Hyperion",advanced,600
"Hyperion",expert,1000
"Hyperion",master,1250
"カラフル。",basic,300
"カラフル。",advanced,400
"カラフル。",expert,800
"カラフル。",master,1100
"Elemental Creation",basic,300
"Elemental Creation",advanced,700
"Elemental Creation",expert,1130
"Elemental Creation",master,1350
"アルストロメリア",basic,300
"アルストロメリア",advanced,500
"アルストロメリア",expert,970
"アルストロメリア",master,1220
"Devastating Blaster",basic,300
"Devastating Blaster",advanced,800
"Devastating Blaster",expert,1220
"Devastating Blaster",master,1390
"ファッとして桃源郷",basic,300
"ファッとして桃源郷",advanced,600
"ファッとして桃源郷",expert,900
"ファッとして桃源郷",master,1250
"フレンズ",basic,200
"フレンズ",advanced,500
"フレンズ",expert,800
"フレンズ",master,1190
"夜咄ディセイブ",basic,300
"夜咄ディセイブ",advanced,600
"夜咄ディセイブ",expert,1000
"夜咄ディセイブ",master,1260
"シュガーソングとビターステップ",basic,200
"シュガーソングとビターステップ",advanced,500
"シュガーソングとビターステップ",expert,900
"シュガーソングとビターステップ",master,1220
"回レ！雪月花",basic,300
"回レ！雪月花",advanced,500
"回レ！雪月花",expert,970
"回レ！雪月花",master,1230
"Help me, あーりん！",basic,300
"Help me, あーりん！",advanced,500
"Help me, あーりん！",expert,900
"Help me, あーりん！",master,1140
"なるとなぎのパーフェクトロックンロール教室",basic,300
"なるとなぎのパーフェクトロックンロール教室",advanced,600
"なるとなぎのパーフェクトロックンロール教室",expert,1070
"なるとなぎのパーフェクトロックンロール教室",master,1280
"絶世スターゲイト",basic,300
"絶世スターゲイト",advanced,600
"絶世スターゲイト",expert,900
"絶世スターゲイト",master,1170
"Schrecklicher Aufstand",basic,500
"Schrecklicher Aufstand",advanced,900
"Schrecklicher Aufstand",expert,1250
"Schrecklicher Aufstand",master,1390
"ドライヴ・オン・ザ・レインボー",basic,200
"ドライヴ・オン・ザ・レインボー",advanced,500
"ドライヴ・オン・ザ・レインボー",expert,1070
"ドライヴ・オン・ザ・レインボー",master,1270
"Philosopher",basic,400
"Philosopher",advanced,700
"Philosopher",expert,1180
"Philosopher",master,1350
"Crazy ∞ nighT",basic,300
"Crazy ∞ nighT",advanced,600
"Crazy ∞ nighT",expert,870
"Crazy ∞ nighT",master,1250
"愛迷エレジー",basic,300
"愛迷エレジー",advanced,600
"愛迷エレジー",expert,970
"愛迷エレジー",master,1230
"Warcry",basic,300
"Warcry",advanced,700
"Warcry",expert,1000
"Warcry",master,1310
"その群青が愛しかったようだった",basic,300
"その群青が愛しかったようだった",advanced,600
"その群青が愛しかったようだった",expert,970
"その群青が愛しかったようだった",master,1170
"激情！ミルキィ大作戦",basic,300
"激情！ミルキィ大作戦",advanced,500
"激情！ミルキィ大作戦",expert,870
"激情！ミルキィ大作戦",master,1100
"札付きのワル　～マイケルのうた～",basic,300
"札付きのワル　～マイケルのうた～",advanced,600
"札付きのワル　～マイケルのうた～",expert,1000
"札付きのワル　～マイケルのうた～",master,1270
"BOKUTO",basic,300
"BOKUTO",advanced,770
"BOKUTO",expert,1000
"BOKUTO",master,1300
"TiamaT:F minor",basic,400
"TiamaT:F minor",advanced,900
"TiamaT:F minor",expert,1280
"TiamaT:F minor",master,1400
"Oshama Scramble! (Cranky Remix)",basic,400
"Oshama Scramble! (Cranky Remix)",advanced,700
"Oshama Scramble! (Cranky Remix)",expert,1130
"Oshama Scramble! (Cranky Remix)",master,1300
"D.E.A.D.L.Y.",basic,300
"D.E.A.D.L.Y.",advanced,600
"D.E.A.D.L.Y.",expert,900
"D.E.A.D.L.Y.",master,1240
"ロボットプラネットユートピア",basic,300
"ロボットプラネットユートピア",advanced,600
"ロボットプラネットユートピア",expert,970
"ロボットプラネットユートピア",master,1230
"Tidal Wave",basic,400
"Tidal Wave",advanced,770
"Tidal Wave",expert,1070
"Tidal Wave",master,1350
"Hand in Hand",basic,300
"Hand in Hand",advanced,500
"Hand in Hand",expert,870
"Hand in Hand",master,1170
"My Dearest Song",basic,300
"My Dearest Song",advanced,500
"My Dearest Song",expert,870
"My Dearest Song",master,1220
"猫祭り",basic,300
"猫祭り",advanced,600
"猫祭り",expert,970
"猫祭り",master,1230
"ゲシュタルト！テスト期間！！",basic,300
"ゲシュタルト！テスト期間！！",advanced,500
"ゲシュタルト！テスト期間！！",expert,900
"ゲシュタルト！テスト期間！！",master,1270
"心象蜃気楼",basic,300
"心象蜃気楼",advanced,500
"心象蜃気楼",expert,900
"心象蜃気楼",master,1150
"Bang Babang Bang!!!",basic,300
"Bang Babang Bang!!!",advanced,600
"Bang Babang Bang!!!",expert,1070
"Bang Babang Bang!!!",master,1280
"僕らの翼",basic,300
"僕らの翼",advanced,500
"僕らの翼",expert,800
"僕らの翼",master,1110
"エンヴィキャットウォーク",basic,300
"エンヴィキャットウォーク",advanced,600
"エンヴィキャットウォーク",expert,900
"エンヴィキャットウォーク",master,1240
"鬼KYOKAN",basic,400
"鬼KYOKAN",advanced,600
"鬼KYOKAN",expert,1000
"鬼KYOKAN",master,1280
"有頂天ビバーチェ",basic,200
"有頂天ビバーチェ",advanced,600
"有頂天ビバーチェ",expert,870
"有頂天ビバーチェ",master,1170
"ビバハピ",basic,300
"ビバハピ",advanced,600
"ビバハピ",expert,900
"ビバハピ",master,1190
"願い星",basic,300
"願い星",advanced,500
"願い星",expert,870
"願い星",master,1160
"愛言葉",basic,200
"愛言葉",advanced,400
"愛言葉",expert,800
"愛言葉",master,1150
"後夜祭",basic,300
"後夜祭",advanced,500
"後夜祭",expert,970
"後夜祭",master,1230
"TRUST",basic,300
"TRUST",advanced,600
"TRUST",expert,900
"TRUST",master,1240
"からくりピエロ",basic,200
"からくりピエロ",advanced,500
"からくりピエロ",expert,870
"からくりピエロ",master,1140
"深海少女",basic,300
"深海少女",advanced,500
"深海少女",expert,800
"深海少女",master,1170
"リモコン",basic,300
"リモコン",advanced,500
"リモコン",expert,800
"リモコン",master,1180
"ラクガキスト",basic,400
"ラクガキスト",advanced,700
"ラクガキスト",expert,1110
"ラクガキスト",master,1340
"アカツキアライヴァル",basic,200
"アカツキアライヴァル",advanced,500
"アカツキアライヴァル",expert,970
"アカツキアライヴァル",master,1170
"神曲",basic,300
"神曲",advanced,500
"神曲",expert,870
"神曲",master,1200
"幸せになれる隠しコマンドがあるらしい",basic,300
"幸せになれる隠しコマンドがあるらしい",advanced,500
"幸せになれる隠しコマンドがあるらしい",expert,1000
"幸せになれる隠しコマンドがあるらしい",master,1270
"Tell Your World",basic,300
"Tell Your World",advanced,500
"Tell Your World",expert,800
"Tell Your World",master,1150
"ロミオとシンデレラ",basic,300
"ロミオとシンデレラ",advanced,600
"ロミオとシンデレラ",expert,1000
"ロミオとシンデレラ",master,1190
"First Twinkle",basic,300
"First Twinkle",advanced,500
"First Twinkle",expert,870
"First Twinkle",master,1160
"ウソラセラ",basic,300
"ウソラセラ",advanced,600
"ウソラセラ",expert,1070
"ウソラセラ",master,1260
"檄!帝国華撃団",basic,200
"檄!帝国華撃団",advanced,400
"檄!帝国華撃団",expert,800
"檄!帝国華撃団",master,1130
"Kronos",basic,300
"Kronos",advanced,500
"Kronos",expert,970
"Kronos",master,1240
"月に叢雲華に風",basic,300
"月に叢雲華に風",advanced,500
"月に叢雲華に風",expert,800
"月に叢雲華に風",master,1210
"インビジブル",basic,400
"インビジブル",advanced,700
"インビジブル",expert,1070
"インビジブル",master,1320
"人生リセットボタン",basic,400
"人生リセットボタン",advanced,700
"人生リセットボタン",expert,1000
"人生リセットボタン",master,1280
"響",basic,300
"響",advanced,500
"響",expert,970
"響",master,1200
"かくしん的☆めたまるふぉ～ぜっ!",basic,300
"かくしん的☆めたまるふぉ～ぜっ!",advanced,500
"かくしん的☆めたまるふぉ～ぜっ!",expert,870
"かくしん的☆めたまるふぉ～ぜっ!",master,1210
"風仁雷仁",basic,300
"風仁雷仁",advanced,500
"風仁雷仁",expert,900
"風仁雷仁",master,1230
"PRIVATE SERVICE",basic,300
"PRIVATE SERVICE",advanced,500
"PRIVATE SERVICE",expert,970
"PRIVATE SERVICE",master,1260
"secret base ～君がくれたもの～ (10 years after Ver.)",basic,100
"secret base ～君がくれたもの～ (10 years after Ver.)",advanced,400
"secret base ～君がくれたもの～ (10 years after Ver.)",expert,870
"secret base ～君がくれたもの～ (10 years after Ver.)",master,1140
"No Routine",basic,200
"No Routine",advanced,600
"No Routine",expert,900
"No Routine",master,1220
"白い雪のプリンセスは",basic,300
"白い雪のプリンセスは",advanced,600
"白い雪のプリンセスは",expert,900
"白い雪のプリンセスは",master,1220
"Strahv",basic,400
"Strahv",advanced,770
"Strahv",expert,1100
"Strahv",master,1330
"Dreams Dreams:Kids Ver.",basic,100
"Dreams Dreams:Kids Ver.",advanced,400
"Dreams Dreams:Kids Ver.",expert,770
"Dreams Dreams:Kids Ver.",master,1000
"In The Blue Sky '01",basic,300
"In The Blue Sky '01",advanced,500
"In The Blue Sky '01",expert,800
"In The Blue Sky '01",master,1170
"幻想のサテライト",basic,300
"幻想のサテライト",advanced,700
"幻想のサテライト",expert,1100
"幻想のサテライト",master,1310
"凛として咲く花の如く",basic,300
"凛として咲く花の如く",advanced,500
"凛として咲く花の如く",expert,900
"凛として咲く花の如く",master,1220
"Paqqin",basic,300
"Paqqin",advanced,600
"Paqqin",expert,1000
"Paqqin",master,1270
"fake!fake!",basic,300
"fake!fake!",advanced,600
"fake!fake!",expert,900
"fake!fake!",master,1190
"Rising Hope",basic,300
"Rising Hope",advanced,600
"Rising Hope",expert,900
"Rising Hope",master,1250
"覚醒楽奏メタフィクション",basic,300
"覚醒楽奏メタフィクション",advanced,770
"覚醒楽奏メタフィクション",expert,1120
"覚醒楽奏メタフィクション",master,1330
"Be My Friend",basic,300
"Be My Friend",advanced,500
"Be My Friend",expert,870
"Be My Friend",master,1180
"ぶいえす!!らいばる!!",basic,400
"ぶいえす!!らいばる!!",advanced,800
"ぶいえす!!らいばる!!",expert,1100
"ぶいえす!!らいばる!!",master,1320
"ひだまりデイズ",basic,200
"ひだまりデイズ",advanced,400
"ひだまりデイズ",expert,800
"ひだまりデイズ",master,1140
"This game",basic,300
"This game",advanced,600
"This game",expert,900
"This game",master,1180
"オラシオン",basic,300
"オラシオン",advanced,500
"オラシオン",expert,800
"オラシオン",master,1130
"みくみくにしてあげる♪【してやんよ】",basic,300
"みくみくにしてあげる♪【してやんよ】",advanced,500
"みくみくにしてあげる♪【してやんよ】",expert,870
"みくみくにしてあげる♪【してやんよ】",master,1150
"Air",basic,300
"Air",advanced,700
"Air",expert,1000
"Air",master,1340
"DataErr0r",basic,300
"DataErr0r",advanced,700
"DataErr0r",expert,1000
"DataErr0r",master,1300
"Say A Vengeance",basic,300
"Say A Vengeance",advanced,600
"Say A Vengeance",expert,970
"Say A Vengeance",master,1270
"010",basic,200
"010",advanced,600
"010",expert,900
"010",master,1260
"ERIS -Legend of Gaidelia-",basic,300
"ERIS -Legend of Gaidelia-",advanced,600
"ERIS -Legend of Gaidelia-",expert,900
"ERIS -Legend of Gaidelia-",master,1250
"Imperishable Night 2006 (2016 Refine)",basic,400
"Imperishable Night 2006 (2016 Refine)",advanced,770
"Imperishable Night 2006 (2016 Refine)",expert,1100
"Imperishable Night 2006 (2016 Refine)",master,1360
"Dreadnought",basic,400
"Dreadnought",advanced,770
"Dreadnought",expert,1070
"Dreadnought",master,1360
"STAGER",basic,300
"STAGER",advanced,500
"STAGER",expert,1000
"STAGER",master,1260
"Her Majesty",basic,300
"Her Majesty",advanced,600
"Her Majesty",expert,900
"Her Majesty",master,1260
"Sakura Fubuki",basic,300
"Sakura Fubuki",advanced,700
"Sakura Fubuki",expert,900
"Sakura Fubuki",master,1250
"JULIAN",basic,300
"JULIAN",advanced,600
"JULIAN",expert,1070
"JULIAN",master,1270
"★LittlE HearTs★",basic,400
"★LittlE HearTs★",advanced,800
"★LittlE HearTs★",expert,1140
"★LittlE HearTs★",master,1380
"STAIRWAY TO GENERATION",basic,300
"STAIRWAY TO GENERATION",advanced,500
"STAIRWAY TO GENERATION",expert,970
"STAIRWAY TO GENERATION",master,1230
"ドキドキDREAM!!!",basic,300
"ドキドキDREAM!!!",advanced,600
"ドキドキDREAM!!!",expert,970
"ドキドキDREAM!!!",master,1210
"猛進ソリストライフ！",basic,400
"猛進ソリストライフ！",advanced,700
"猛進ソリストライフ！",expert,970
"猛進ソリストライフ！",master,1220
"空威張りビヘイビア",basic,300
"空威張りビヘイビア",advanced,600
"空威張りビヘイビア",expert,900
"空威張りビヘイビア",master,1230
"FLOATED CALM",basic,300
"FLOATED CALM",advanced,500
"FLOATED CALM",expert,1000
"FLOATED CALM",master,1240
"Supersonic Generation",basic,400
"Supersonic Generation",advanced,700
"Supersonic Generation",expert,1120
"Supersonic Generation",master,1340
"シジョウノコエ VOCALO ver.",basic,300
"シジョウノコエ VOCALO ver.",advanced,500
"シジョウノコエ VOCALO ver.",expert,900
"シジョウノコエ VOCALO ver.",master,1220
"Tic Tac DREAMIN’",basic,300
"Tic Tac DREAMIN’",advanced,500
"Tic Tac DREAMIN’",expert,870
"Tic Tac DREAMIN’",master,1180
"SPICY SWINGY STYLE",basic,300
"SPICY SWINGY STYLE",advanced,600
"SPICY SWINGY STYLE",expert,970
"SPICY SWINGY STYLE",master,1230
"RevolutionGame",basic,200
"RevolutionGame",advanced,500
"RevolutionGame",expert,870
"RevolutionGame",master,1170
"Still",basic,300
"Still",advanced,500
"Still",expert,900
"Still",master,1250
"おまかせ！！トラブルメイ娘☆とれびちゃん",basic,300
"おまかせ！！トラブルメイ娘☆とれびちゃん",advanced,600
"おまかせ！！トラブルメイ娘☆とれびちゃん",expert,970
"おまかせ！！トラブルメイ娘☆とれびちゃん",master,1310
"オススメ☆♂♀☆でぃすとぴあ",basic,400
"オススメ☆♂♀☆でぃすとぴあ",advanced,770
"オススメ☆♂♀☆でぃすとぴあ",expert,1000
"オススメ☆♂♀☆でぃすとぴあ",master,1340
"Daydream café",basic,300
"Daydream café",advanced,500
"Daydream café",expert,800
"Daydream café",master,1160
"ノーポイッ!",basic,200
"ノーポイッ!",advanced,500
"ノーポイッ!",expert,800
"ノーポイッ!",master,1180
"ムーンライト伝説",basic,200
"ムーンライト伝説",advanced,500
"ムーンライト伝説",expert,800
"ムーンライト伝説",master,1170
"Jumping!!",basic,200
"Jumping!!",advanced,500
"Jumping!!",expert,900
"Jumping!!",master,1130
"極上スマイル",basic,200
"極上スマイル",advanced,500
"極上スマイル",expert,870
"極上スマイル",master,1070
"FEEL×ALIVE",basic,300
"FEEL×ALIVE",advanced,600
"FEEL×ALIVE",expert,900
"FEEL×ALIVE",master,1270
"ぶぉん！ぶぉん！らいど・おん！",basic,300
"ぶぉん！ぶぉん！らいど・おん！",advanced,600
"ぶぉん！ぶぉん！らいど・おん！",expert,900
"ぶぉん！ぶぉん！らいど・おん！",master,1290
"Star☆Glitter",basic,300
"Star☆Glitter",advanced,600
"Star☆Glitter",expert,900
"Star☆Glitter",master,1200
"H-A-J-I-M-A-R-I-U-T-A-!!",basic,300
"H-A-J-I-M-A-R-I-U-T-A-!!",advanced,500
"H-A-J-I-M-A-R-I-U-T-A-!!",expert,800
"H-A-J-I-M-A-R-I-U-T-A-!!",master,1070
"ラブリー☆えんじぇる!!",basic,300
"ラブリー☆えんじぇる!!",advanced,600
"ラブリー☆えんじぇる!!",expert,900
"ラブリー☆えんじぇる!!",master,1230
"だんご大家族",basic,100
"だんご大家族",advanced,400
"だんご大家族",expert,770
"だんご大家族",master,1000
"クローバー♣かくめーしょん",basic,300
"クローバー♣かくめーしょん",advanced,600
"クローバー♣かくめーしょん",expert,900
"クローバー♣かくめーしょん",master,1230
"ぐーちょきパレード",basic,200
"ぐーちょきパレード",advanced,500
"ぐーちょきパレード",expert,800
"ぐーちょきパレード",master,1170
"My Soul,Your Beats!",basic,200
"My Soul,Your Beats!",advanced,400
"My Soul,Your Beats!",expert,900
"My Soul,Your Beats!",master,1170
"Thousand Enemies",basic,300
"Thousand Enemies",advanced,500
"Thousand Enemies",expert,870
"Thousand Enemies",master,1180
"夢想歌",basic,200
"夢想歌",advanced,500
"夢想歌",expert,800
"夢想歌",master,1130
"Face of Fact",basic,300
"Face of Fact",advanced,500
"Face of Fact",expert,900
"Face of Fact",master,1210
"true my heart -Lovable mix-",basic,200
"true my heart -Lovable mix-",advanced,400
"true my heart -Lovable mix-",expert,800
"true my heart -Lovable mix-",master,1160
"桜ノ雨",basic,100
"桜ノ雨",advanced,400
"桜ノ雨",expert,800
"桜ノ雨",master,1070
"いーあるふぁんくらぶ",basic,200
"いーあるふぁんくらぶ",advanced,500
"いーあるふぁんくらぶ",expert,800
"いーあるふぁんくらぶ",master,1140
"おこちゃま戦争",basic,400
"おこちゃま戦争",advanced,700
"おこちゃま戦争",expert,1000
"おこちゃま戦争",master,1280
"エイリアンエイリアン",basic,300
"エイリアンエイリアン",advanced,500
"エイリアンエイリアン",expert,900
"エイリアンエイリアン",master,1170
"虎視眈々",basic,300
"虎視眈々",advanced,500
"虎視眈々",expert,870
"虎視眈々",master,1240
"アンハッピーリフレイン",basic,300
"アンハッピーリフレイン",advanced,700
"アンハッピーリフレイン",expert,970
"アンハッピーリフレイン",master,1270
"すきなことだけでいいです",basic,200
"すきなことだけでいいです",advanced,500
"すきなことだけでいいです",expert,800
"すきなことだけでいいです",master,1220
"デリヘル呼んだら君が来た",basic,300
"デリヘル呼んだら君が来た",advanced,600
"デリヘル呼んだら君が来た",expert,870
"デリヘル呼んだら君が来た",master,1240
"チュルリラ・チュルリラ・ダッダッダ！",basic,300
"チュルリラ・チュルリラ・ダッダッダ！",advanced,600
"チュルリラ・チュルリラ・ダッダッダ！",expert,1000
"チュルリラ・チュルリラ・ダッダッダ！",master,1260
"だんだん早くなる",basic,300
"だんだん早くなる",advanced,500
"だんだん早くなる",expert,900
"だんだん早くなる",master,1150
"ECHO",basic,300
"ECHO",advanced,500
"ECHO",expert,970
"ECHO",master,1220
"泡沫、哀のまほろば",basic,300
"泡沫、哀のまほろば",advanced,500
"泡沫、哀のまほろば",expert,800
"泡沫、哀のまほろば",master,1150
"愛き夜道 feat. ランコ、雨天決行",basic,200
"愛き夜道 feat. ランコ、雨天決行",advanced,500
"愛き夜道 feat. ランコ、雨天決行",expert,800
"愛き夜道 feat. ランコ、雨天決行",master,1200
"Starlight Dance Floor",basic,300
"Starlight Dance Floor",advanced,500
"Starlight Dance Floor",expert,870
"Starlight Dance Floor",master,1140
"Witches night",basic,300
"Witches night",advanced,600
"Witches night",expert,870
"Witches night",master,1200
"Help me, ERINNNNNN!! -Cranky remix-",basic,300
"Help me, ERINNNNNN!! -Cranky remix-",advanced,600
"Help me, ERINNNNNN!! -Cranky remix-",expert,900
"Help me, ERINNNNNN!! -Cranky remix-",master,1220
"仙酌絶唱のファンタジア",basic,300
"仙酌絶唱のファンタジア",advanced,500
"仙酌絶唱のファンタジア",expert,900
"仙酌絶唱のファンタジア",master,1260
"キュアリアス光吉古牌　－祭－",basic,300
"キュアリアス光吉古牌　－祭－",advanced,500
"キュアリアス光吉古牌　－祭－",expert,1000
"キュアリアス光吉古牌　－祭－",master,1240
"Evans",basic,300
"Evans",advanced,700
"Evans",expert,1070
"Evans",master,1340
"神威",basic,500
"神威",advanced,870
"神威",expert,1270
"神威",master,1390
"GOODTEK",basic,400
"GOODTEK",advanced,700
"GOODTEK",expert,1070
"GOODTEK",master,1330
"Name of oath",basic,300
"Name of oath",advanced,700
"Name of oath",expert,1100
"Name of oath",master,1350
"Bird Sprite",basic,300
"Bird Sprite",advanced,500
"Bird Sprite",expert,870
"Bird Sprite",master,1220
"Dengeki Tube",basic,400
"Dengeki Tube",advanced,770
"Dengeki Tube",expert,1170
"Dengeki Tube",master,1380
"若い力 -SEGA HARD GIRLS MIX-",basic,300
"若い力 -SEGA HARD GIRLS MIX-",advanced,600
"若い力 -SEGA HARD GIRLS MIX-",expert,800
"若い力 -SEGA HARD GIRLS MIX-",master,1170
"レッツゴー!陰陽師",basic,200
"レッツゴー!陰陽師",advanced,500
"レッツゴー!陰陽師",expert,800
"レッツゴー!陰陽師",master,1190
"あねぺったん",basic,300
"あねぺったん",advanced,600
"あねぺったん",expert,900
"あねぺったん",master,1210
"Like the Wind [Reborn]",basic,400
"Like the Wind [Reborn]",advanced,800
"Like the Wind [Reborn]",expert,1100
"Like the Wind [Reborn]",master,1350
"天国と地獄 -言ノ葉リンネ-",basic,200
"天国と地獄 -言ノ葉リンネ-",advanced,500
"天国と地獄 -言ノ葉リンネ-",expert,900
"天国と地獄 -言ノ葉リンネ-",master,1180
"最愛テトラグラマトン",basic,300
"最愛テトラグラマトン",advanced,600
"最愛テトラグラマトン",expert,970
"最愛テトラグラマトン",master,1260
"悪戯",basic,300
"悪戯",advanced,500
"悪戯",expert,900
"悪戯",master,1220
"りばーぶ",basic,200
"りばーぶ",advanced,400
"りばーぶ",expert,800
"りばーぶ",master,1120
"Barbed Eye",basic,300
"Barbed Eye",advanced,500
"Barbed Eye",expert,900
"Barbed Eye",master,1200
"分からない",basic,300
"分からない",advanced,700
"分からない",expert,1070
"分からない",master,1320
"相思創愛",basic,300
"相思創愛",advanced,600
"相思創愛",expert,970
"相思創愛",master,1240
"混沌を越えし我らが神聖なる調律主を讃えよ",basic,500
"混沌を越えし我らが神聖なる調律主を讃えよ",advanced,970
"混沌を越えし我らが神聖なる調律主を讃えよ",expert,1320
"混沌を越えし我らが神聖なる調律主を讃えよ",master,1410
"Finite",basic,300
"Finite",advanced,700
"Finite",expert,1070
"Finite",master,1380
"MY LIBERATION",basic,300
"MY LIBERATION",advanced,600
"MY LIBERATION",expert,1000
"MY LIBERATION",master,1270
"地球最後の告白を",basic,300
"地球最後の告白を",advanced,600
"地球最後の告白を",expert,900
"地球最後の告白を",master,1230
"The wheel to the Night ～インド人が夢に!?～",basic,300
"The wheel to the Night ～インド人が夢に!?～",advanced,600
"The wheel to the Night ～インド人が夢に!?～",expert,1070
"The wheel to the Night ～インド人が夢に!?～",master,1290
"We Gonna Party -Feline Groove Mix-",basic,400
"We Gonna Party -Feline Groove Mix-",advanced,700
"We Gonna Party -Feline Groove Mix-",expert,1130
"We Gonna Party -Feline Groove Mix-",master,1330
"Through The Tower",basic,200
"Through The Tower",advanced,500
"Through The Tower",expert,900
"Through The Tower",master,1240
"Redo",basic,300
"Redo",advanced,600
"Redo",expert,970
"Redo",master,1240
"SAKURAスキップ",basic,300
"SAKURAスキップ",advanced,600
"SAKURAスキップ",expert,900
"SAKURAスキップ",master,1170
"Now Loading!!!!",basic,300
"Now Loading!!!!",advanced,500
"Now Loading!!!!",expert,900
"Now Loading!!!!",master,1230
"前前前世",basic,300
"前前前世",advanced,500
"前前前世",expert,870
"前前前世",master,1190
"MEMORIA",basic,200
"MEMORIA",advanced,500
"MEMORIA",expert,870
"MEMORIA",master,1160
"MIRU key way",basic,300
"MIRU key way",advanced,500
"MIRU key way",expert,800
"MIRU key way",master,1160
"華鳥風月",basic,200
"華鳥風月",advanced,400
"華鳥風月",expert,870
"華鳥風月",master,1150
"儚きもの人間",basic,300
"儚きもの人間",advanced,600
"儚きもの人間",expert,970
"儚きもの人間",master,1250
"ＧＯ！ＧＯ！ラブリズム♥ ～あーりん書類審査通過記念Ver.～",basic,300
"ＧＯ！ＧＯ！ラブリズム♥ ～あーりん書類審査通過記念Ver.～",advanced,500
"ＧＯ！ＧＯ！ラブリズム♥ ～あーりん書類審査通過記念Ver.～",expert,970
"ＧＯ！ＧＯ！ラブリズム♥ ～あーりん書類審査通過記念Ver.～",master,1210
"Session High⤴",basic,300
"Session High⤴",advanced,600
"Session High⤴",expert,1000
"Session High⤴",master,1260
"光線チューニング",basic,300
"光線チューニング",advanced,600
"光線チューニング",expert,900
"光線チューニング",master,1230
"立川浄穢捕物帳",basic,300
"立川浄穢捕物帳",advanced,600
"立川浄穢捕物帳",expert,970
"立川浄穢捕物帳",master,1300
"眠れぬ夜君を想フ",basic,300
"眠れぬ夜君を想フ",advanced,500
"眠れぬ夜君を想フ",expert,1000
"眠れぬ夜君を想フ",master,1330
"JIGOKU STATION CENTRAL GATE",basic,400
"JIGOKU STATION CENTRAL GATE",advanced,770
"JIGOKU STATION CENTRAL GATE",expert,1140
"JIGOKU STATION CENTRAL GATE",master,1330
"PinqPiq",basic,300
"PinqPiq",advanced,500
"PinqPiq",expert,1000
"PinqPiq",master,1250
"トリスメギストス",basic,400
"トリスメギストス",advanced,600
"トリスメギストス",expert,1000
"トリスメギストス",master,1320
"WE GOTTA SOUL",basic,300
"WE GOTTA SOUL",advanced,600
"WE GOTTA SOUL",expert,870
"WE GOTTA SOUL",master,1220
"哀しみ集め",basic,200
"哀しみ集め",advanced,500
"哀しみ集め",expert,900
"哀しみ集め",master,1200
"キラメケ→Shoot it Now!",basic,300
"キラメケ→Shoot it Now!",advanced,600
"キラメケ→Shoot it Now!",expert,970
"キラメケ→Shoot it Now!",master,1290
"Kattobi KEIKYU Rider",basic,400
"Kattobi KEIKYU Rider",advanced,800
"Kattobi KEIKYU Rider",expert,1250
"Kattobi KEIKYU Rider",master,1380
"Glorious Crown (tpz over-Over-OVERCUTE REMIX)",basic,400
"Glorious Crown (tpz over-Over-OVERCUTE REMIX)",advanced,900
"Glorious Crown (tpz over-Over-OVERCUTE REMIX)",expert,1260
"Glorious Crown (tpz over-Over-OVERCUTE REMIX)",master,1390
"エレクトロサチュレイタ",basic,200
"エレクトロサチュレイタ",advanced,500
"エレクトロサチュレイタ",expert,900
"エレクトロサチュレイタ",master,1170
"Palette",basic,300
"Palette",advanced,500
"Palette",expert,800
"Palette",master,1210
"アマツキツネ",basic,300
"アマツキツネ",advanced,600
"アマツキツネ",expert,900
"アマツキツネ",master,1180
"パーフェクト生命",basic,300
"パーフェクト生命",advanced,600
"パーフェクト生命",expert,1000
"パーフェクト生命",master,1270
"のぼれ！すすめ！高い塔",basic,300
"のぼれ！すすめ！高い塔",advanced,600
"のぼれ！すすめ！高い塔",expert,970
"のぼれ！すすめ！高い塔",master,1330
"害虫",basic,400
"害虫",advanced,700
"害虫",expert,1000
"害虫",master,1320
"ガチャガチャきゅ～と・ふぃぎゅ@メイト",basic,300
"ガチャガチャきゅ～と・ふぃぎゅ@メイト",advanced,600
"ガチャガチャきゅ～と・ふぃぎゅ@メイト",expert,900
"ガチャガチャきゅ～と・ふぃぎゅ@メイト",master,1250
"Vampire",basic,300
"Vampire",advanced,500
"Vampire",expert,970
"Vampire",master,1260
"ケロ⑨destiny",basic,300
"ケロ⑨destiny",advanced,500
"ケロ⑨destiny",expert,970
"ケロ⑨destiny",master,1270
"Last Moments",basic,300
"Last Moments",advanced,600
"Last Moments",expert,900
"Last Moments",master,1250
"風に乗せた願い",basic,200
"風に乗せた願い",advanced,600
"風に乗せた願い",expert,970
"風に乗せた願い",master,1280
"天狗の落とし文 feat. ｙｔｒ",basic,300
"天狗の落とし文 feat. ｙｔｒ",advanced,500
"天狗の落とし文 feat. ｙｔｒ",expert,900
"天狗の落とし文 feat. ｙｔｒ",master,1240
"星色夜空",basic,200
"星色夜空",advanced,400
"星色夜空",expert,800
"星色夜空",master,1000
"物凄い勢いでけーねが物凄いうた",basic,300
"物凄い勢いでけーねが物凄いうた",advanced,600
"物凄い勢いでけーねが物凄いうた",expert,900
"物凄い勢いでけーねが物凄いうた",master,1220
"Wake up Dreamer",basic,300
"Wake up Dreamer",advanced,600
"Wake up Dreamer",expert,970
"Wake up Dreamer",master,1260
"World Vanquisher",basic,400
"World Vanquisher",advanced,970
"World Vanquisher",expert,1270
"World Vanquisher",master,1410
"macrocosmos",basic,400
"macrocosmos",advanced,900
"macrocosmos",expert,1200
"macrocosmos",master,1400
"Iudicium",basic,300
"Iudicium",advanced,700
"Iudicium",expert,1190
"Iudicium",master,1370
"Twice up Scenery",basic,200
"Twice up Scenery",advanced,500
"Twice up Scenery",expert,1000
"Twice up Scenery",master,1320
"奏者はただ背中と提琴で語るのみ",basic,400
"奏者はただ背中と提琴で語るのみ",advanced,700
"奏者はただ背中と提琴で語るのみ",expert,1000
"奏者はただ背中と提琴で語るのみ",master,1290
"Xevel",basic,400
"Xevel",advanced,800
"Xevel",expert,1200
"Xevel",master,1390
"セイクリッド　ルイン",basic,300
"セイクリッド　ルイン",advanced,700
"セイクリッド　ルイン",expert,1140
"セイクリッド　ルイン",master,1350
"極圏",basic,400
"極圏",advanced,700
"極圏",expert,1170
"極圏",master,1360
"Scarlet Lance",basic,400
"Scarlet Lance",advanced,770
"Scarlet Lance",expert,1190
"Scarlet Lance",master,1360
"ホシトハナ",basic,300
"ホシトハナ",advanced,500
"ホシトハナ",expert,900
"ホシトハナ",master,1160
"Just Be Friends",basic,300
"Just Be Friends",advanced,500
"Just Be Friends",expert,900
"Just Be Friends",master,1170
"炉心融解",basic,300
"炉心融解",advanced,500
"炉心融解",expert,870
"炉心融解",master,1190
"Fire◎Flower",basic,300
"Fire◎Flower",advanced,600
"Fire◎Flower",expert,800
"Fire◎Flower",master,1240
"卑怯戦隊うろたんだー",basic,300
"卑怯戦隊うろたんだー",advanced,500
"卑怯戦隊うろたんだー",expert,900
"卑怯戦隊うろたんだー",master,1230
"イロトリドリのメロディ",basic,300
"イロトリドリのメロディ",advanced,500
"イロトリドリのメロディ",expert,900
"イロトリドリのメロディ",master,1250
"セハガガガンバッちゃう！！",basic,300
"セハガガガンバッちゃう！！",advanced,600
"セハガガガンバッちゃう！！",expert,970
"セハガガガンバッちゃう！！",master,1260
"Burning Hearts ～炎のANGEL～",basic,300
"Burning Hearts ～炎のANGEL～",advanced,500
"Burning Hearts ～炎のANGEL～",expert,900
"Burning Hearts ～炎のANGEL～",master,1250
"Our Fighting",basic,300
"Our Fighting",advanced,600
"Our Fighting",expert,900
"Our Fighting",master,1180
"VERTeX",basic,400
"VERTeX",advanced,870
"VERTeX",expert,1190
"VERTeX",master,1380
"-OutsideR:RequieM-",basic,300
"-OutsideR:RequieM-",advanced,600
"-OutsideR:RequieM-",expert,1070
"-OutsideR:RequieM-",master,1270
"夢と夢～あの日のメロディ～",basic,200
"夢と夢～あの日のメロディ～",advanced,400
"夢と夢～あの日のメロディ～",expert,800
"夢と夢～あの日のメロディ～",master,1130
"La Baguette Magique",basic,200
"La Baguette Magique",advanced,500
"La Baguette Magique",expert,900
"La Baguette Magique",master,1250
"bubble attack",basic,200
"bubble attack",advanced,600
"bubble attack",expert,1070
"bubble attack",master,1290
"The Darkness of Valhalla",basic,300
"The Darkness of Valhalla",advanced,500
"The Darkness of Valhalla",expert,970
"The Darkness of Valhalla",master,1250
"時の冒険者",basic,300
"時の冒険者",advanced,600
"時の冒険者",expert,970
"時の冒険者",master,1270
"Rendezvous",basic,300
"Rendezvous",advanced,700
"Rendezvous",expert,1000
"Rendezvous",master,1250
"EXECUTOR",basic,300
"EXECUTOR",advanced,600
"EXECUTOR",expert,900
"EXECUTOR",master,1270
"不安定な神様",basic,300
"不安定な神様",advanced,500
"不安定な神様",expert,900
"不安定な神様",master,1210
"Hyper Active",basic,300
"Hyper Active",advanced,700
"Hyper Active",expert,1070
"Hyper Active",master,1330
"L'épilogue",basic,200
"L'épilogue",advanced,500
"L'épilogue",expert,970
"L'épilogue",master,1250
"D✪N’T  ST✪P  R✪CKIN’ ～[✪_✪] MIX～",basic,300
"D✪N’T  ST✪P  R✪CKIN’ ～[✪_✪] MIX～",advanced,600
"D✪N’T  ST✪P  R✪CKIN’ ～[✪_✪] MIX～",expert,900
"D✪N’T  ST✪P  R✪CKIN’ ～[✪_✪] MIX～",master,1250
"Caliburne ～Story of the Legendary sword～",basic,400
"Caliburne ～Story of the Legendary sword～",advanced,800
"Caliburne ～Story of the Legendary sword～",expert,1210
"Caliburne ～Story of the Legendary sword～",master,1390
"プリズム",basic,200
"プリズム",advanced,500
"プリズム",expert,800
"プリズム",master,1170
"星灯",basic,200
"星灯",advanced,500
"星灯",expert,800
"星灯",master,1150
"Clover Heart's",basic,200
"Clover Heart's",advanced,500
"Clover Heart's",expert,870
"Clover Heart's",master,1180
"スイートマジック",basic,200
"スイートマジック",advanced,500
"スイートマジック",expert,870
"スイートマジック",master,1180
"Calamity Fortune",basic,400
"Calamity Fortune",advanced,870
"Calamity Fortune",expert,1150
"Calamity Fortune",master,1370
"Melody！",basic,300
"Melody！",advanced,600
"Melody！",expert,900
"Melody！",master,1190
"G e n g a o z o",basic,400
"G e n g a o z o",advanced,800
"G e n g a o z o",expert,1240
"G e n g a o z o",master,1360
"Vitalization",basic,300
"Vitalization",advanced,600
"Vitalization",expert,900
"Vitalization",master,1210
"フラジール",basic,200
"フラジール",advanced,500
"フラジール",expert,870
"フラジール",master,1160
"Absolunote",basic,300
"Absolunote",advanced,600
"Absolunote",expert,970
"Absolunote",master,1230
"木彫り鯰と右肩ゾンビ",basic,300
"木彫り鯰と右肩ゾンビ",advanced,500
"木彫り鯰と右肩ゾンビ",expert,900
"木彫り鯰と右肩ゾンビ",master,1240
"ヒビカセ",basic,300
"ヒビカセ",advanced,500
"ヒビカセ",expert,900
"ヒビカセ",master,1250
"WAVE",basic,300
"WAVE",advanced,500
"WAVE",expert,800
"WAVE",master,1220
"Philosophyz",basic,300
"Philosophyz",advanced,500
"Philosophyz",expert,800
"Philosophyz",master,1190
"虹色のフリューゲル",basic,300
"虹色のフリューゲル",advanced,500
"虹色のフリューゲル",expert,900
"虹色のフリューゲル",master,1180
"ETERNAL DRAIN",basic,300
"ETERNAL DRAIN",advanced,500
"ETERNAL DRAIN",expert,900
"ETERNAL DRAIN",master,1250
"Paradisus-Paradoxum",basic,300
"Paradisus-Paradoxum",advanced,600
"Paradisus-Paradoxum",expert,900
"Paradisus-Paradoxum",master,1240
"ようこそジャパリパークへ",basic,300
"ようこそジャパリパークへ",advanced,500
"ようこそジャパリパークへ",expert,900
"ようこそジャパリパークへ",master,1210
"チルノのパーフェクトさんすう教室　⑨周年バージョン",basic,300
"チルノのパーフェクトさんすう教室　⑨周年バージョン",advanced,500
"チルノのパーフェクトさんすう教室　⑨周年バージョン",expert,970
"チルノのパーフェクトさんすう教室　⑨周年バージョン",master,1290
"プレパレード",basic,300
"プレパレード",advanced,500
"プレパレード",expert,900
"プレパレード",master,1180
"オレンジ",basic,300
"オレンジ",advanced,500
"オレンジ",expert,870
"オレンジ",master,1150
"ホーリーナイト",basic,200
"ホーリーナイト",advanced,400
"ホーリーナイト",expert,800
"ホーリーナイト",master,1070
"Cosmic twinkle star",basic,300
"Cosmic twinkle star",advanced,500
"Cosmic twinkle star",expert,870
"Cosmic twinkle star",master,1240
"終わりなき物語",basic,300
"終わりなき物語",advanced,500
"終わりなき物語",expert,870
"終わりなき物語",master,1230
"BlazinG AIR",basic,300
"BlazinG AIR",advanced,600
"BlazinG AIR",expert,1000
"BlazinG AIR",master,1330
"Change me",basic,300
"Change me",advanced,600
"Change me",expert,900
"Change me",master,1250
"ハレ晴レユカイ",basic,300
"ハレ晴レユカイ",advanced,600
"ハレ晴レユカイ",expert,900
"ハレ晴レユカイ",master,1200
"AMAZING MIGHTYYYY!!!!",basic,400
"AMAZING MIGHTYYYY!!!!",advanced,870
"AMAZING MIGHTYYYY!!!!",expert,1200
"AMAZING MIGHTYYYY!!!!",master,1380
"砂の惑星 feat. HATSUNE MIKU",basic,300
"砂の惑星 feat. HATSUNE MIKU",advanced,500
"砂の惑星 feat. HATSUNE MIKU",expert,800
"砂の惑星 feat. HATSUNE MIKU",master,1230
"ヒトリゴト",basic,300
"ヒトリゴト",advanced,500
"ヒトリゴト",expert,900
"ヒトリゴト",master,1170
"adrenaline!!!",basic,200
"adrenaline!!!",advanced,500
"adrenaline!!!",expert,870
"adrenaline!!!",master,1160
"夢路らびりんす",basic,200
"夢路らびりんす",advanced,500
"夢路らびりんす",expert,870
"夢路らびりんす",master,1170
"全力バタンキュー",basic,300
"全力バタンキュー",advanced,500
"全力バタンキュー",expert,800
"全力バタンキュー",master,1140
"Last Proof",basic,300
"Last Proof",advanced,600
"Last Proof",expert,900
"Last Proof",master,1240
"拝啓ドッペルゲンガー",basic,300
"拝啓ドッペルゲンガー",advanced,600
"拝啓ドッペルゲンガー",expert,1000
"拝啓ドッペルゲンガー",master,1300
"Doppelganger",basic,500
"Doppelganger",advanced,900
"Doppelganger",expert,1200
"Doppelganger",master,1380
"色は匂へど散りぬるを",basic,200
"色は匂へど散りぬるを",advanced,400
"色は匂へど散りぬるを",expert,870
"色は匂へど散りぬるを",master,1120
"ポルカドット",basic,300
"ポルカドット",advanced,500
"ポルカドット",expert,800
"ポルカドット",master,1130
"Sparking Revolver",basic,400
"Sparking Revolver",advanced,770
"Sparking Revolver",expert,1140
"Sparking Revolver",master,1350
"Gate of Doom",basic,400
"Gate of Doom",advanced,800
"Gate of Doom",expert,1170
"Gate of Doom",master,1380
"ダンスロボットダンス",basic,300
"ダンスロボットダンス",advanced,600
"ダンスロボットダンス",expert,900
"ダンスロボットダンス",master,1250
"アルカリレットウセイ",basic,300
"アルカリレットウセイ",advanced,500
"アルカリレットウセイ",expert,800
"アルカリレットウセイ",master,1160
"キレキャリオン",basic,200
"キレキャリオン",advanced,500
"キレキャリオン",expert,900
"キレキャリオン",master,1230
"グラーヴェ",basic,200
"グラーヴェ",advanced,500
"グラーヴェ",expert,900
"グラーヴェ",master,1180
"レトロマニア狂想曲",basic,300
"レトロマニア狂想曲",advanced,500
"レトロマニア狂想曲",expert,970
"レトロマニア狂想曲",master,1250
"イロドリミドリ杯花映塚全一決定戦公式テーマソング『ウソテイ』",basic,300
"イロドリミドリ杯花映塚全一決定戦公式テーマソング『ウソテイ』",advanced,600
"イロドリミドリ杯花映塚全一決定戦公式テーマソング『ウソテイ』",expert,900
"イロドリミドリ杯花映塚全一決定戦公式テーマソング『ウソテイ』",master,1230
"otorii INNOVATED -[i]3-",basic,400
"otorii INNOVATED -[i]3-",advanced,900
"otorii INNOVATED -[i]3-",expert,1240
"otorii INNOVATED -[i]3-",master,1390
"未来イマジネーション！",basic,300
"未来イマジネーション！",advanced,500
"未来イマジネーション！",expert,900
"未来イマジネーション！",master,1190
"純情-SAKURA-",basic,300
"純情-SAKURA-",advanced,600
"純情-SAKURA-",expert,970
"純情-SAKURA-",master,1240
"青春サイダー",basic,300
"青春サイダー",advanced,500
"青春サイダー",expert,900
"青春サイダー",master,1250
"Very! Merry!! Session!!!",basic,300
"Very! Merry!! Session!!!",advanced,600
"Very! Merry!! Session!!!",expert,900
"Very! Merry!! Session!!!",master,1230
"popcorn",basic,200
"popcorn",advanced,600
"popcorn",expert,970
"popcorn",master,1190
"Pastel Party",basic,200
"Pastel Party",advanced,600
"Pastel Party",expert,1070
"Pastel Party",master,1290
"はちみつアドベンチャー",basic,300
"はちみつアドベンチャー",advanced,500
"はちみつアドベンチャー",expert,900
"はちみつアドベンチャー",master,1240
"CHOCOLATE BOMB!!!!",basic,300
"CHOCOLATE BOMB!!!!",advanced,700
"CHOCOLATE BOMB!!!!",expert,1070
"CHOCOLATE BOMB!!!!",master,1340
"Twilight",basic,300
"Twilight",advanced,600
"Twilight",expert,1130
"Twilight",master,1360
"ねぇ、壊れタ人形ハ何処へ棄テらレるノ？",basic,400
"ねぇ、壊れタ人形ハ何処へ棄テらレるノ？",advanced,770
"ねぇ、壊れタ人形ハ何処へ棄テらレるノ？",expert,1240
"ねぇ、壊れタ人形ハ何処へ棄テらレるノ？",master,1380
"WARNING×WARNING×WARNING",basic,300
"WARNING×WARNING×WARNING",advanced,500
"WARNING×WARNING×WARNING",expert,970
"WARNING×WARNING×WARNING",master,1240
"ネ！コ！",basic,300
"ネ！コ！",advanced,600
"ネ！コ！",expert,900
"ネ！コ！",master,1200
"マトリョシカ",basic,300
"マトリョシカ",advanced,600
"マトリョシカ",expert,900
"マトリョシカ",master,1220
"ゴーゴー幽霊船",basic,300
"ゴーゴー幽霊船",advanced,500
"ゴーゴー幽霊船",expert,970
"ゴーゴー幽霊船",master,1250
"La Flesvelka",basic,300
"La Flesvelka",advanced,600
"La Flesvelka",expert,900
"La Flesvelka",master,1250
"羽ばたきのバースデイ",basic,300
"羽ばたきのバースデイ",advanced,500
"羽ばたきのバースデイ",expert,900
"羽ばたきのバースデイ",master,1190
"楔",basic,300
"楔",advanced,600
"楔",expert,900
"楔",master,1240
"Los! Los! Los!",basic,300
"Los! Los! Los!",advanced,600
"Los! Los! Los!",expert,970
"Los! Los! Los!",master,1230
"Uncontrollable",basic,200
"Uncontrollable",advanced,600
"Uncontrollable",expert,900
"Uncontrollable",master,1240
"碧き孤島のアングゥィス",basic,300
"碧き孤島のアングゥィス",advanced,500
"碧き孤島のアングゥィス",expert,900
"碧き孤島のアングゥィス",master,1280
"ラブって♡ジュエリー♪えんじぇる☆ブレイク！！",basic,300
"ラブって♡ジュエリー♪えんじぇる☆ブレイク！！",advanced,500
"ラブって♡ジュエリー♪えんじぇる☆ブレイク！！",expert,870
"ラブって♡ジュエリー♪えんじぇる☆ブレイク！！",master,1270
"ぶれいくるみるくらぶ！",basic,300
"ぶれいくるみるくらぶ！",advanced,500
"ぶれいくるみるくらぶ！",expert,900
"ぶれいくるみるくらぶ！",master,1240
"クレッシェンド・ストーリー",basic,300
"クレッシェンド・ストーリー",advanced,600
"クレッシェンド・ストーリー",expert,900
"クレッシェンド・ストーリー",master,1240
"Sentimental Snow",basic,200
"Sentimental Snow",advanced,400
"Sentimental Snow",expert,800
"Sentimental Snow",master,1150
"サンシャインサマー☆夏期講習",basic,300
"サンシャインサマー☆夏期講習",advanced,600
"サンシャインサマー☆夏期講習",expert,1000
"サンシャインサマー☆夏期講習",master,1290
"NYAN-NYA, More! ラブシャイン、Chu♥",basic,300
"NYAN-NYA, More! ラブシャイン、Chu♥",advanced,600
"NYAN-NYA, More! ラブシャイン、Chu♥",expert,1070
"NYAN-NYA, More! ラブシャイン、Chu♥",master,1260
"ガヴリールドロップキック",basic,300
"ガヴリールドロップキック",advanced,500
"ガヴリールドロップキック",expert,870
"ガヴリールドロップキック",master,1180
"厨病激発ボーイ",basic,300
"厨病激発ボーイ",advanced,500
"厨病激発ボーイ",expert,900
"厨病激発ボーイ",master,1250
"StargazeR",basic,200
"StargazeR",advanced,500
"StargazeR",expert,870
"StargazeR",master,1220
"ゴーストルール",basic,300
"ゴーストルール",advanced,500
"ゴーストルール",expert,970
"ゴーストルール",master,1270
"頓珍漢の宴",basic,300
"頓珍漢の宴",advanced,600
"頓珍漢の宴",expert,1000
"頓珍漢の宴",master,1300
"TOMORROW",basic,200
"TOMORROW",advanced,500
"TOMORROW",expert,900
"TOMORROW",master,1160
"管弦楽組曲 第3番 ニ長調「第2曲（G線上のアリア）」BWV.1068-2",basic,300
"管弦楽組曲 第3番 ニ長調「第2曲（G線上のアリア）」BWV.1068-2",advanced,700
"管弦楽組曲 第3番 ニ長調「第2曲（G線上のアリア）」BWV.1068-2",expert,1190
"管弦楽組曲 第3番 ニ長調「第2曲（G線上のアリア）」BWV.1068-2",master,1350
"ここで一席！　Oshama Scramble!",basic,300
"ここで一席！　Oshama Scramble!",advanced,600
"ここで一席！　Oshama Scramble!",expert,970
"ここで一席！　Oshama Scramble!",master,1250
"Scream out! -CHUNITHM Tuning-",basic,300
"Scream out! -CHUNITHM Tuning-",advanced,600
"Scream out! -CHUNITHM Tuning-",expert,970
"Scream out! -CHUNITHM Tuning-",master,1240
"Spring of Dreams",basic,300
"Spring of Dreams",advanced,500
"Spring of Dreams",expert,870
"Spring of Dreams",master,1220
"Floating Darkness",basic,300
"Floating Darkness",advanced,600
"Floating Darkness",expert,900
"Floating Darkness",master,1270
"あ・え・い・う・え・お・あお!!",basic,300
"あ・え・い・う・え・お・あお!!",advanced,500
"あ・え・い・う・え・お・あお!!",expert,900
"あ・え・い・う・え・お・あお!!",master,1240
"かーてんこーる!!!!!",basic,300
"かーてんこーる!!!!!",advanced,500
"かーてんこーる!!!!!",expert,870
"かーてんこーる!!!!!",master,1170
"SEVENTH HAVEN",basic,200
"SEVENTH HAVEN",advanced,500
"SEVENTH HAVEN",expert,870
"SEVENTH HAVEN",master,1210
"Bravely You",basic,200
"Bravely You",advanced,500
"Bravely You",expert,800
"Bravely You",master,1160
"Link with U",basic,300
"Link with U",advanced,600
"Link with U",expert,870
"Link with U",master,1170
"Change Our MIRAI！ (Our 7 Lights)",basic,300
"Change Our MIRAI！ (Our 7 Lights)",advanced,500
"Change Our MIRAI！ (Our 7 Lights)",expert,870
"Change Our MIRAI！ (Our 7 Lights)",master,1250
"Dual Fractal",basic,200
"Dual Fractal",advanced,600
"Dual Fractal",expert,1070
"Dual Fractal",master,1280
"Drivessover",basic,300
"Drivessover",advanced,700
"Drivessover",expert,1100
"Drivessover",master,1280
"Surveiller et punir",basic,300
"Surveiller et punir",advanced,700
"Surveiller et punir",expert,1170
"Surveiller et punir",master,1390
"業 -善なる神とこの世の悪について-",basic,400
"業 -善なる神とこの世の悪について-",advanced,970
"業 -善なる神とこの世の悪について-",expert,1300
"業 -善なる神とこの世の悪について-",master,1410
"アンノウン・マザーグース",basic,300
"アンノウン・マザーグース",advanced,600
"アンノウン・マザーグース",expert,900
"アンノウン・マザーグース",master,1260
"ゆけむり魂温泉 II",basic,200
"ゆけむり魂温泉 II",advanced,400
"ゆけむり魂温泉 II",expert,870
"ゆけむり魂温泉 II",master,1220
"サドマミホリック",basic,300
"サドマミホリック",advanced,600
"サドマミホリック",expert,1070
"サドマミホリック",master,1330
"Candyland Symphony",basic,300
"Candyland Symphony",advanced,700
"Candyland Symphony",expert,1000
"Candyland Symphony",master,1240
"初音ミクの激唱",basic,400
"初音ミクの激唱",advanced,870
"初音ミクの激唱",expert,1240
"初音ミクの激唱",master,1370
"咲キ誇レ常世ノ華",basic,300
"咲キ誇レ常世ノ華",advanced,600
"咲キ誇レ常世ノ華",expert,900
"咲キ誇レ常世ノ華",master,1240
"放課後ストライド",basic,300
"放課後ストライド",advanced,600
"放課後ストライド",expert,900
"放課後ストライド",master,1210
"きゅうりバーにダイブ",basic,300
"きゅうりバーにダイブ",advanced,500
"きゅうりバーにダイブ",expert,900
"きゅうりバーにダイブ",master,1330
"むしとりのうた",basic,100
"むしとりのうた",advanced,400
"むしとりのうた",expert,700
"むしとりのうた",master,1000
